y_true,y_pred
167,167
90,149
151,38
39,197
82,82
198,192
76,76
8,106
131,129
26,197
3,3
44,65
164,164
36,42
71,22
98,98
146,145
36,39
97,97
95,95
170,167
198,198
152,111
154,101
139,139
193,193
54,54
115,129
152,152
85,85
50,50
114,116
120,120
185,184
141,77
60,60
160,160
103,103
102,101
33,33
193,193
166,176
18,18
58,65
11,11
166,166
25,25
69,69
28,106
118,116
133,133
3,3
2,2
75,75
58,59
174,156
87,87
178,167
182,182
56,56
181,181
17,17
11,11
111,111
147,147
169,169
100,100
165,165
189,189
21,104
18,18
133,133
58,58
124,128
113,113
84,84
120,120
78,78
54,54
159,159
146,144
107,107
178,180
173,173
8,28
148,148
91,91
131,131
137,137
116,116
194,194
139,139
8,29
164,164
110,110
18,18
36,101
103,103
114,37
89,89
27,27
56,56
171,171
18,18
23,23
116,116
79,79
81,78
80,80
77,110
51,51
51,51
85,7
149,149
57,57
108,108
190,190
161,170
1,1
169,169
172,174
59,58
102,102
161,167
149,149
188,188
114,114
28,28
154,154
131,131
85,85
28,107
122,122
175,166
103,103
72,72
32,32
126,126
126,126
159,159
98,183
108,20
18,75
130,130
143,145
91,91
176,176
131,131
153,153
41,41
115,129
127,128
23,23
106,106
183,183
97,97
197,197
122,122
175,179
21,104
37,37
102,37
40,102
18,18
189,189
64,65
169,169
55,55
99,99
144,64
45,45
79,96
164,164
184,184
124,124
81,78
92,92
162,175
94,174
170,38
191,191
56,56
118,118
88,198
131,131
197,197
103,103
118,118
146,146
153,153
68,68
199,199
49,49
13,13
87,87
183,183
165,165
106,28
147,147
88,88
179,174
139,139
55,55
50,49
147,151
65,58
103,103
164,156
194,194
74,74
117,34
199,152
133,133
192,192
74,74
97,97
112,123
15,15
162,162
187,187
91,70
15,15
15,15
111,111
102,102
109,109
107,28
16,16
125,196
112,116
81,40
75,75
115,129
58,63
34,34
169,108
78,81
115,129
50,49
135,135
195,21
86,86
160,46
29,29
141,141
48,28
19,95
17,17
46,46
8,8
158,158
121,114
69,69
199,199
143,140
11,11
29,141
119,5
10,10
123,123
128,115
172,172
126,116
96,20
101,101
45,45
166,185
48,106
90,137
169,169
196,196
110,110
57,57
128,197
126,125
128,128
123,114
165,166
70,70
199,199
100,100
93,93
133,133
77,77
189,189
62,62
145,142
185,185
68,68
149,149
114,129
3,29
9,9
10,3
74,74
9,40
39,101
93,93
85,85
79,78
70,70
0,0
183,149
31,31
37,39
24,48
174,38
161,167
46,46
135,135
103,103
94,94
61,58
7,51
113,113
133,133
117,118
8,26
20,159
37,37
168,169
88,88
112,130
86,86
6,7
166,172
38,101
187,187
119,195
67,67
140,143
132,124
92,92
79,79
135,135
174,174
31,64
58,58
164,164
22,24
165,165
65,65
90,90
45,45
13,13
86,86
116,114
132,132
169,169
162,162
110,110
80,80
161,167
55,184
181,174
62,62
199,166
163,77
144,144
179,179
59,59
53,53
51,49
119,119
117,129
140,140
199,171
83,83
195,195
72,72
53,53
122,123
60,60
181,181
58,62
0,0
24,24
89,89
52,52
26,48
130,115
196,194
176,46
57,57
191,191
16,16
3,3
105,105
44,44
52,52
189,189
54,167
146,7
25,25
114,130
176,176
69,69
110,111
196,195
22,24
25,25
161,161
116,118
105,105
22,57
155,38
77,77
146,144
199,199
191,191
198,198
30,32
174,174
175,175
154,154
35,35
173,173
33,33
169,102
74,74
39,39
140,143
34,118
91,91
84,84
106,28
77,77
42,156
50,24
112,112
169,172
158,158
58,58
188,188
105,105
10,197
164,178
98,98
64,64
116,120
57,57
173,173
66,66
120,120
69,69
70,70
172,172
189,189
152,152
134,134
40,76
101,101
64,64
145,146
28,28
10,29
67,67
36,38
10,10
134,151
125,125
74,74
188,188
190,190
36,36
45,45
134,135
113,113
30,30
35,35
15,15
82,82
164,164
76,76
42,36
54,54
141,71
56,56
140,146
26,106
60,60
22,22
120,126
115,116
29,28
40,113
168,168
40,76
184,184
26,29
193,193
116,116
12,12
40,40
154,154
20,20
114,114
28,12
20,20
133,133
81,81
30,32
145,143
41,41
60,60
85,85
102,102
2,2
30,30
188,188
47,47
14,14
55,55
94,174
151,171
105,105
25,25
1,1
186,186
58,63
41,41
163,163
38,101
190,190
189,189
101,38
8,8
34,34
100,100
74,74
85,85
117,129
141,141
190,190
103,103
88,88
70,70
67,67
47,47
55,55
149,149
187,187
58,58
51,51
196,197
165,165
159,159
92,92
11,11
134,101
153,177
161,161
118,75
2,2
137,113
145,143
154,38
49,49
151,150
168,151
36,38
85,85
69,69
167,167
153,153
30,30
66,66
8,8
17,17
19,19
14,14
105,105
107,106
22,24
117,90
107,107
195,195
35,35
102,141
196,198
1,64
139,139
127,127
57,4
9,9
115,129
10,10
95,95
115,115
111,111
119,119
41,41
91,91
18,18
20,20
156,156
55,55
32,32
138,138
11,11
185,185
109,109
141,143
83,58
73,73
112,112
8,10
117,129
36,42
125,125
62,62
92,92
156,156
16,16
86,86
60,60
69,69
158,158
10,10
167,167
168,168
70,70
110,110
37,37
109,109
2,2
91,91
141,103
189,189
197,197
129,170
165,165
156,156
49,49
107,107
190,190
138,138
153,153
0,0
124,124
190,190
178,42
67,67
97,174
30,30
1,1
176,176
129,165
19,199
119,118
140,140
137,110
72,72
77,77
61,58
148,148
92,92
184,184
4,4
5,5
70,70
28,29
58,58
60,60
12,12
79,79
192,192
145,144
27,27
187,187
77,77
177,180
51,51
149,149
43,43
101,101
44,44
134,134
75,75
156,156
63,63
155,38
84,84
9,9
123,126
114,38
172,172
63,63
61,44
91,91
124,103
60,60
39,101
104,104
27,27
198,197
196,196
51,51
142,142
56,56
1,1
100,100
98,98
121,121
118,114
80,80
178,38
63,63
13,13
94,157
88,88
93,93
96,96
50,50
154,153
30,30
20,98
21,21
36,38
137,137
20,20
27,27
193,193
41,41
77,77
165,170
41,41
25,25
161,161
28,106
2,2
12,12
193,149
61,63
107,29
136,18
171,171
172,172
150,151
192,192
84,84
67,67
94,174
47,47
142,143
178,171
168,168
77,77
170,124
31,155
191,191
160,174
121,128
190,190
88,88
170,170
52,52
138,138
177,177
180,180
140,143
184,184
31,37
4,4
110,111
109,109
193,193
41,41
105,105
34,34
83,58
109,109
53,13
191,191
100,100
6,6
147,147
166,179
45,45
93,93
64,64
124,130
53,14
131,110
12,12
185,185
110,110
173,173
31,31
68,68
177,38
49,49
169,169
53,53
109,109
177,153
76,76
145,143
187,187
143,144
89,89
193,193
138,138
0,0
135,135
147,147
197,197
165,165
109,109
29,106
30,192
80,80
68,68
53,53
158,158
105,105
137,137
108,42
10,197
114,114
56,56
80,80
155,42
165,160
151,150
28,25
50,24
153,153
148,148
98,98
37,39
75,75
36,101
106,106
129,129
20,20
36,38
196,115
86,86
152,152
60,60
90,72
198,198
180,177
197,197
21,21
14,53
28,25
182,182
81,81
131,165
13,13
167,167
127,127
94,94
11,11
61,58
70,71
165,165
96,149
110,110
20,20
25,25
172,154
136,136
143,144
42,76
89,89
87,87
130,130
112,112
126,130
186,186
27,27
103,197
197,197
180,177
55,55
139,139
9,9
147,132
198,198
35,35
87,87
63,63
68,68
26,101
166,166
45,45
199,199
92,92
69,69
181,174
53,53
18,18
68,67
198,198
187,187
103,149
190,188
139,139
183,183
19,19
157,157
125,123
49,24
146,146
98,98
192,192
44,59
3,3
189,189
182,183
161,161
53,96
101,101
142,142
85,85
14,14
184,184
182,182
113,113
143,146
165,14
164,164
55,55
184,184
148,148
147,147
199,199
194,194
132,132
163,38
177,177
155,173
60,60
93,93
56,56
107,107
195,197
49,49
47,47
11,11
32,173
91,91
48,10
25,25
116,116
138,138
173,173
77,102
32,32
175,175
57,57
112,120
14,14
117,129
33,115
65,65
152,152
187,187
156,156
160,160
109,109
37,37
24,24
38,75
137,159
16,16
94,94
132,128
111,110
28,106
71,7
180,178
1,1
188,188
140,143
60,60
146,146
80,80
180,180
183,183
99,99
90,77
171,171
127,125
99,99
136,129
164,164
127,127
88,88
94,94
32,32
99,99
197,197
187,187
10,9
113,113
79,79
187,187
55,55
182,182
54,54
86,86
64,24
46,46
127,127
17,17
8,8
124,130
90,90
85,85
82,82
72,72
128,103
21,21
34,34
178,172
72,72
146,145
85,85
159,159
59,7
175,174
107,107
117,96
53,53
186,186
146,63
159,159
62,62
75,75
43,43
41,41
179,160
156,156
71,71
84,84
48,8
178,170
167,42
38,38
174,174
28,29
153,153
74,74
153,153
113,186
69,69
150,150
139,139
186,186
0,2
177,177
135,135
3,3
18,18
61,144
141,141
36,38
14,14
174,173
58,65
174,174
19,19
75,75
54,54
131,131
129,117
97,97
156,155
175,175
30,30
24,24
173,115
90,77
71,70
62,62
83,83
142,142
28,106
33,33
67,67
96,96
157,157
170,170
125,118
172,171
55,55
11,11
190,188
112,112
2,2
48,149
15,15
39,39
112,112
174,174
91,91
97,95
130,130
122,120
129,129
158,36
178,178
141,77
130,130
94,95
186,186
154,154
143,144
14,14
7,7
58,58
44,71
184,47
187,187
145,145
32,32
170,170
153,155
132,131
155,155
105,105
188,188
72,73
89,89
18,18
199,199
187,187
118,118
185,185
57,57
136,136
69,69
6,6
68,67
171,171
118,118
193,193
179,179
121,121
14,13
137,137
39,39
35,35
97,97
122,122
90,77
123,173
28,28
139,139
5,5
158,158
59,58
182,183
182,98
173,173
114,117
152,152
136,136
117,101
42,174
191,191
17,17
120,120
95,166
75,75
102,141
97,97
180,180
27,27
90,77
33,197
31,31
133,133
143,143
98,103
3,3
138,138
13,13
126,126
65,58
81,81
131,115
160,160
178,178
174,174
155,42
129,129
62,62
71,71
144,144
85,85
50,50
111,111
63,63
168,161
34,34
153,154
9,25
157,157
46,46
62,62
20,20
139,139
14,14
107,107
21,21
71,71
171,171
4,4
119,119
78,78
51,51
25,3
36,42
199,199
190,190
141,83
66,66
159,159
198,195
144,63
189,189
131,131
85,85
56,56
145,141
29,29
130,126
134,134
179,167
26,25
26,33
16,16
175,175
30,30
119,119
83,83
168,168
171,172
80,80
52,52
28,28
113,113
135,110
63,63
67,67
33,33
196,77
51,51
31,30
60,60
97,97
138,138
68,67
64,63
52,52
128,128
24,24
68,68
27,170
118,116
26,8
168,168
74,74
145,143
125,129
174,174
166,108
102,101
16,16
122,122
108,108
91,91
17,17
145,145
129,129
139,139
178,174
69,67
133,133
114,38
156,135
156,155
7,7
184,184
176,176
48,29
32,32
93,93
121,33
191,191
115,129
176,176
146,146
6,6
85,85
34,34
7,7
167,167
181,172
174,174
187,187
136,134
179,174
65,65
85,85
27,27
55,55
199,199
130,114
0,0
114,130
59,63
95,95
143,144
92,92
198,198
182,182
82,82
105,105
116,116
32,153
188,188
93,93
139,139
37,154
139,139
147,147
111,111
62,62
25,106
151,151
47,47
75,75
176,176
142,143
120,120
82,82
145,144
178,178
33,33
22,22
165,165
196,196
157,157
24,24
64,65
29,29
180,154
189,189
98,98
121,121
105,105
114,126
21,21
56,56
82,82
89,89
71,71
42,172
156,76
44,1
188,188
95,95
147,147
124,124
142,142
22,22
162,162
142,142
197,197
132,132
20,20
102,75
120,118
175,175
11,11
59,143
140,142
109,109
156,156
52,52
86,86
24,23
164,164
56,56
50,49
52,52
63,58
128,128
125,125
0,2
46,46
194,194
161,167
157,124
1,1
119,119
135,185
104,104
16,16
154,154
11,11
102,102
160,160
199,199
0,0
102,38
144,144
78,81
105,105
123,118
136,136
174,174
162,199
76,76
161,167
120,120
169,169
146,63
109,109
111,40
6,6
185,131
20,20
184,185
162,162
103,197
146,146
60,60
15,15
32,160
130,130
68,68
19,19
184,73
118,118
160,160
112,112
63,63
82,82
163,163
15,15
157,157
159,159
47,47
149,109
149,149
1,1
51,51
171,171
72,72
81,81
17,17
47,47
14,14
85,85
39,101
176,176
190,190
6,6
121,121
44,44
144,142
144,144
138,138
141,144
176,157
66,67
9,9
46,46
25,103
126,130
181,181
153,153
10,28
129,38
198,198
8,8
96,96
27,27
126,126
22,22
121,183
33,33
84,84
125,103
197,197
197,197
43,43
163,93
50,50
92,92
146,146
66,66
15,15
75,75
125,125
119,119
55,55
99,99
55,34
166,167
196,193
163,163
104,104
124,130
107,107
90,113
81,81
118,118
127,127
91,91
8,10
81,81
19,156
95,95
129,129
131,131
114,158
113,113
148,148
103,103
30,30
138,139
16,16
177,177
121,121
72,72
85,143
121,121
123,123
17,17
5,5
72,72
51,51
32,32
0,1
48,48
73,73
89,89
170,162
161,161
33,33
41,41
67,67
147,147
69,48
159,159
96,20
38,38
109,109
28,28
50,49
82,82
171,37
127,127
136,135
54,94
162,157
99,99
4,4
97,97
34,34
136,136
161,167
78,78
154,153
191,191
49,50
189,189
180,180
68,68
188,188
32,32
25,3
109,109
58,64
163,163
117,129
91,104
103,148
125,38
111,111
16,55
151,151
156,166
15,15
138,139
125,123
87,84
194,194
98,98
122,112
197,75
141,159
15,15
170,38
132,131
158,158
177,177
145,143
59,59
141,141
188,188
159,159
171,171
92,92
102,75
133,133
21,104
60,60
82,135
66,66
116,116
74,74
51,51
163,163
51,85
127,127
72,72
74,74
18,18
3,3
137,110
180,151
103,103
161,161
6,6
107,28
59,58
73,73
91,91
9,9
122,120
65,57
135,135
98,102
181,181
166,46
160,46
199,199
163,158
129,129
159,159
103,103
177,183
2,2
150,150
80,80
128,128
152,151
10,25
192,192
52,52
158,158
20,20
21,148
109,109
53,53
73,73
39,39
194,194
84,84
91,91
167,167
118,115
110,111
196,196
19,95
194,194
87,87
63,62
67,67
60,60
22,22
168,168
66,67
150,150
130,128
59,58
132,131
158,158
21,104
35,35
169,169
58,58
167,167
84,84
139,139
17,17
50,89
133,133
52,52
83,83
43,43
128,122
163,163
193,193
133,133
14,14
36,38
188,188
123,123
57,57
35,35
114,197
184,184
191,191
164,110
189,189
111,111
189,189
61,58
51,51
100,100
116,150
172,178
6,6
110,110
161,167
171,172
159,159
65,65
10,28
151,151
69,69
52,52
30,30
23,23
68,67
61,143
120,149
142,142
166,166
159,159
113,159
26,26
107,12
9,12
1,1
11,11
134,134
56,56
36,36
184,184
175,175
119,128
9,9
19,167
55,34
179,160
181,181
162,162
90,75
136,136
192,178
25,28
176,176
97,96
145,146
93,93
49,49
70,70
194,196
74,74
75,75
160,166
139,139
91,21
196,192
28,28
188,188
180,180
167,167
73,73
73,73
120,120
47,47
123,123
113,113
44,44
36,38
33,33
77,77
98,98
7,7
187,187
9,9
99,99
196,196
50,50
12,9
3,106
108,108
148,148
115,129
182,182
181,179
30,153
184,184
7,7
73,73
44,44
177,177
66,66
189,189
4,4
96,96
35,198
70,91
167,167
26,129
97,97
67,67
164,164
81,81
146,144
166,174
41,41
163,163
41,41
82,82
127,129
181,181
170,170
66,67
100,100
193,149
39,38
50,50
122,130
32,131
180,180
11,11
198,197
15,174
185,184
137,137
73,73
85,85
46,46
194,31
43,43
57,4
179,179
138,138
137,137
74,74
182,183
113,113
76,167
151,151
33,33
152,152
193,193
192,192
49,49
18,18
173,173
138,138
28,106
151,151
171,161
47,47
84,84
197,113
158,158
21,21
193,193
68,68
12,39
157,157
134,158
105,105
66,67
144,142
166,166
185,185
182,182
28,28
160,160
3,3
125,125
61,65
156,156
157,157
170,170
164,113
91,186
29,106
167,167
125,125
45,45
180,157
48,8
156,167
24,24
5,5
43,43
148,33
105,105
84,84
64,64
172,197
43,1
194,194
108,108
98,98
71,71
57,44
73,73
172,167
151,151
198,198
42,36
12,12
144,145
140,140
59,61
88,88
72,73
198,192
85,85
9,9
87,87
195,197
1,5
127,130
125,125
71,44
143,140
175,175
65,65
54,54
188,188
70,107
126,126
146,146
106,28
68,68
82,82
134,10
13,13
119,119
72,72
97,97
117,129
67,67
165,160
42,38
34,55
60,58
99,99
0,0
120,120
153,153
83,83
19,19
23,23
11,9
19,19
101,101
104,21
63,58
72,72
117,198
6,6
9,9
79,79
11,11
34,34
93,93
11,11
25,25
152,152
28,29
17,17
38,38
163,163
25,25
64,59
173,77
146,146
12,12
8,8
73,73
65,65
115,118
80,71
153,102
47,47
60,60
69,69
176,176
173,173
199,199
98,98
21,21
122,116
175,173
163,163
101,160
136,136
104,21
1,1
97,97
160,160
130,118
29,8
111,110
128,126
46,46
49,49
82,82
189,189
152,152
131,84
139,139
195,197
87,87
197,197
42,151
173,173
104,104
82,82
157,151
78,78
176,176
20,20
64,65
41,34
157,157
185,184
54,54
79,79
28,28
81,81
83,83
37,102
63,63
87,87
86,86
36,38
66,66
129,129
163,163
145,143
188,188
77,102
176,176
35,35
181,181
121,121
43,99
96,176
166,179
12,12
162,174
142,144
184,184
73,73
45,45
38,38
102,38
144,142
162,162
195,195
111,47
186,186
159,159
59,58
124,128
46,46
165,165
55,55
22,24
3,3
158,158
118,118
15,139
57,57
83,58
40,40
45,45
77,77
164,164
106,106
56,56
13,13
194,192
81,81
58,58
136,135
198,198
23,23
141,64
114,77
181,179
101,38
123,118
122,116
85,85
18,18
116,118
181,181
175,162
177,177
89,89
82,82
85,85
86,86
60,142
178,178
130,130
184,184
87,87
83,83
71,43
79,79
96,96
1,1
143,143
163,163
77,77
121,121
142,143
173,55
132,131
141,141
7,7
137,134
14,14
138,138
63,109
188,188
102,102
109,109
148,148
23,23
163,163
174,96
147,147
86,86
141,141
129,115
122,122
113,113
114,116
154,153
115,118
170,115
167,167
58,58
135,134
194,194
1,1
35,35
155,160
122,112
80,80
158,158
41,138
183,183
150,150
12,12
191,191
23,23
163,159
148,148
79,81
96,96
198,198
134,134
147,147
46,46
93,93
82,32
23,24
48,48
86,86
160,166
35,35
61,63
33,33
0,0
90,121
148,148
173,173
87,148
194,194
137,137
26,8
62,62
11,11
43,43
116,116
158,158
13,14
175,36
110,110
99,99
92,92
143,143
105,105
107,29
60,60
37,38
196,195
27,27
167,167
10,28
26,9
49,49
90,101
147,147
147,147
117,101
109,109
79,95
194,194
20,20
88,88
85,85
109,109
195,195
147,147
187,187
62,63
138,41
121,130
150,150
197,134
25,25
102,102
75,75
140,146
11,11
29,29
131,131
146,144
29,28
98,98
61,58
189,189
144,142
118,116
22,22
58,107
133,133
31,29
134,101
167,167
158,158
45,57
96,46
65,65
136,29
45,45
146,146
69,69
142,142
135,135
137,75
76,76
116,116
39,39
165,165
159,159
196,196
188,188
165,165
188,188
62,62
49,49
6,6
147,147
139,139
6,6
142,145
159,106
62,62
54,54
110,84
36,38
176,156
173,137
39,39
151,151
29,29
128,128
188,188
148,149
140,143
55,34
122,115
1,65
132,132
129,129
33,33
150,150
146,144
115,129
39,39
63,63
188,188
82,82
156,166
36,38
95,95
15,15
0,0
149,119
85,85
62,63
168,168
84,84
83,83
92,92
179,172
48,133
193,193
129,129
166,166
92,92
15,156
189,189
168,168
55,55
153,153
194,194
183,183
160,167
174,174
193,109
189,189
46,46
120,130
96,135
95,95
153,154
104,104
119,148
163,159
48,28
54,54
18,28
25,147
21,21
149,149
138,139
3,3
155,155
23,23
151,151
199,199
26,25
67,67
67,67
90,77
42,150
45,45
66,66
155,155
63,144
172,151
68,67
128,128
37,37
138,138
139,139
125,116
89,89
36,42
61,61
149,149
14,14
95,174
53,53
192,192
65,65
175,162
43,43
113,77
123,123
180,98
106,107
160,46
178,75
94,94
89,89
172,178
99,99
145,143
175,175
32,32
142,142
189,189
102,101
41,41
186,186
32,32
93,93
75,14
63,63
93,93
40,40
112,98
50,49
47,47
75,75
68,68
44,44
157,157
6,6
61,63
12,134
13,13
138,138
48,28
127,10
15,96
163,163
49,49
89,89
37,102
164,156
73,73
177,194
170,170
198,198
113,113
181,181
74,74
62,44
54,54
73,73
153,102
116,126
67,66
147,147
103,103
113,111
57,57
77,77
32,153
167,167
124,124
5,5
1,1
149,103
61,65
96,96
105,105
96,96
193,193
191,191
96,95
143,144
5,5
99,99
82,82
195,195
40,141
52,52
126,123
197,197
135,135
83,63
70,71
6,6
90,90
30,30
74,74
196,38
195,27
42,160
52,52
83,83
125,125
106,28
54,54
88,88
144,142
181,176
175,175
127,127
103,103
142,142
50,50
89,89
185,185
106,106
42,42
193,109
17,17
62,62
49,49
175,175
134,134
47,47
27,27
42,42
80,78
110,111
180,173
26,26
166,166
87,76
89,89
178,177
172,172
116,115
35,35
12,96
98,183
49,49
16,16
144,142
115,116
148,148
80,80
13,13
31,31
105,105
179,179
97,97
106,106
106,28
9,9
45,45
15,15
62,62
115,124
47,47
105,105
7,7
137,137
155,155
71,2
149,149
145,145
182,183
111,111
129,129
160,160
19,176
114,114
62,62
178,172
176,46
73,73
84,84
141,141
194,198
132,38
31,37
16,139
53,14
50,49
43,43
104,104
135,135
82,82
116,38
0,1
149,149
54,54
176,174
96,96
30,32
99,99
173,173
2,1
75,75
159,53
125,130
121,118
174,174
178,172
37,37
81,81
140,140
64,70
196,192
37,37
164,164
190,190
94,94
68,68
110,110
42,42
84,84
52,52
167,167
197,197
156,156
168,168
91,91
155,155
86,86
92,92
75,8
179,179
125,116
168,161
156,153
130,173
172,172
7,7
182,182
126,126
84,113
194,172
61,58
70,70
181,181
182,173
38,42
192,101
27,27
161,171
11,11
76,76
183,183
98,98
99,100
135,129
132,158
41,55
89,45
116,121
39,36
65,65
96,96
103,103
26,26
185,185
146,146
142,146
115,129
124,38
131,131
41,138
66,66
85,85
161,166
84,84
129,129
77,77
65,65
158,158
172,178
100,100
173,162
162,162
128,127
146,146
156,174
191,191
47,47
109,109
108,108
100,100
72,72
132,132
27,27
173,173
73,73
174,172
29,25
81,12
74,74
90,90
35,34
12,12
33,135
51,45
79,79
24,24
3,3
59,65
111,110
162,175
87,87
106,29
90,101
71,71
149,149
41,41
130,121
71,7
185,185
2,2
125,125
145,197
195,192
137,137
91,91
126,149
161,161
106,106
30,30
152,151
117,117
148,119
108,108
115,129
87,87
93,93
38,38
81,43
143,143
141,146
86,86
47,174
115,129
135,102
110,111
60,60
79,79
18,18
77,77
108,108
67,67
76,76
111,90
66,66
198,198
178,102
70,70
0,0
97,97
7,7
78,81
25,48
20,20
48,29
42,38
134,134
84,84
115,164
99,99
128,128
119,197
134,101
6,6
143,143
146,144
66,67
163,163
15,139
1,1
31,31
140,143
22,24
182,182
46,46
10,75
117,134
154,151
104,91
199,199
78,40
160,160
172,38
179,179
68,67
189,189
83,83
155,155
125,125
142,142
47,47
16,16
14,14
73,73
19,19
135,135
155,167
1,85
59,59
92,92
17,149
182,183
87,173
184,185
24,22
46,46
1,1
24,24
14,14
181,181
15,15
145,143
180,180
171,76
23,23
124,124
119,119
34,34
114,128
197,197
95,96
136,135
188,188
16,16
59,59
128,128
180,180
142,142
139,139
3,3
170,170
17,17
108,108
168,168
131,131
123,124
73,73
155,155
115,101
47,47
63,58
45,45
67,67
16,16
179,179
35,35
42,36
149,124
86,86
69,69
33,33
80,80
86,86
67,67
174,174
27,27
119,38
157,157
160,160
176,176
78,78
105,105
8,29
61,64
31,31
158,158
66,67
127,173
184,184
51,51
43,57
162,162
140,142
187,187
40,40
30,30
70,44
31,31
149,149
47,47
186,186
44,44
48,48
53,53
70,60
29,28
88,88
108,108
29,73
78,78
81,40
91,35
136,118
152,152
56,56
151,151
158,158
47,47
149,149
108,153
54,54
27,27
38,38
48,197
108,108
110,110
0,0
57,57
119,124
79,159
118,118
192,112
178,178
89,89
41,41
36,36
175,175
170,170
69,69
185,185
150,150
117,129
15,15
145,145
67,67
27,27
155,155
157,157
176,176
78,78
75,75
68,68
137,137
176,176
168,168
126,130
51,51
32,31
148,98
195,198
95,138
38,102
170,157
193,193
1,1
106,106
107,107
154,154
160,160
196,194
30,32
184,184
136,136
0,1
10,8
152,152
26,26
43,43
10,8
98,173
90,40
49,49
59,64
194,194
36,42
34,34
37,177
155,155
105,105
76,76
144,144
28,28
121,121
186,186
19,156
38,38
199,199
38,38
96,96
10,127
195,195
12,12
33,33
34,34
146,146
91,91
10,96
102,101
172,173
134,134
152,152
194,197
84,84
112,126
87,87
154,154
23,23
160,160
98,121
46,46
51,51
39,39
114,114
72,72
191,191
95,95
74,74
78,78
192,197
70,70
162,87
182,182
150,150
42,42
139,139
133,133
94,94
18,18
38,42
8,8
64,64
33,33
121,121
98,148
49,50
52,52
29,29
118,118
130,126
181,181
88,88
126,103
99,99
108,108
168,168
3,3
167,167
8,29
58,63
109,109
92,92
80,91
105,105
52,52
18,18
88,45
174,174
134,134
187,191
178,178
40,40
33,33
51,51
100,100
138,138
76,76
107,107
117,124
157,157
189,189
122,112
145,143
125,125
66,66
80,80
40,40
193,193
199,199
2,2
58,58
22,22
171,171
37,90
39,39
164,164
21,21
70,70
108,108
120,120
120,120
145,143
94,94
58,65
165,165
26,8
16,16
89,89
175,174
141,141
166,166
104,104
75,75
149,103
39,39
166,179
155,151
29,48
123,124
67,67
97,97
128,126
87,197
173,167
143,143
94,95
48,48
77,77
144,146
79,79
124,128
112,112
53,13
104,104
113,150
182,182
171,169
44,44
88,88
107,107
29,25
9,9
107,107
162,162
180,180
104,104
75,75
116,116
142,142
126,126
133,133
104,21
60,60
120,120
19,46
104,104
171,172
36,36
102,159
54,54
128,128
23,23
86,86
52,52
62,62
45,45
171,171
9,9
40,40
98,98
69,69
162,162
113,113
107,107
2,2
69,69
32,32
62,141
119,123
128,130
46,46
81,81
19,199
116,129
12,12
135,135
31,31
99,99
16,16
170,170
18,197
118,129
41,139
66,66
31,31
57,57
2,2
80,80
97,97
88,88
112,130
164,38
110,165
152,152
2,2
46,46
124,124
100,100
190,190
63,63
156,156
108,108
26,9
115,129
109,109
71,70
129,129
60,60
182,128
71,0
180,180
12,12
33,129
94,94
165,165
197,197
151,151
13,13
162,162
188,188
54,54
122,114
2,2
15,15
170,115
32,32
30,153
182,182
140,144
78,78
186,186
198,198
160,174
78,78
73,73
25,26
85,85
178,55
131,131
75,75
41,41
186,186
102,37
190,56
179,46
191,191
189,189
130,126
123,123
120,130
34,34
185,185
170,170
186,87
32,172
49,49
34,34
84,120
192,192
78,137
63,146
118,75
108,108
134,77
49,49
23,23
22,24
179,179
91,53
121,121
113,113
8,39
73,73
78,78
38,38
117,118
42,42
89,89
26,107
100,100
193,193
180,180
182,182
198,198
69,69
32,178
84,84
182,182
153,180
192,75
184,185
126,128
193,193
101,38
116,130
73,73
153,153
35,35
36,38
148,148
21,21
141,28
44,44
38,38
149,149
38,38
184,185
83,83
22,24
124,124
193,193
130,103
168,168
55,55
146,146
141,141
78,78
2,2
63,63
83,44
99,99
158,158
15,15
171,171
13,13
65,58
53,53
175,175
59,65
166,166
181,181
159,159
179,179
98,98
65,58
171,171
65,58
31,31
180,102
120,63
89,89
14,14
142,142
114,101
0,0
110,111
139,139
141,141
69,69
65,65
158,158
22,22
179,179
164,164
157,157
186,106
196,196
126,132
158,158
9,9
29,29
59,65
152,76
115,118
69,69
80,80
194,194
197,120
152,152
66,66
124,124
134,134
21,21
82,13
183,183
157,157
162,168
145,146
20,20
54,54
98,98
122,112
164,120
10,10
38,38
52,52
177,177
44,44
50,49
27,27
98,98
169,76
155,38
143,143
156,160
123,116
67,67
57,57
45,45
140,140
151,75
68,68
94,94
155,156
152,152
101,102
48,106
13,13
109,109
68,68
131,131
196,196
162,162
102,102
100,100
49,49
107,29
44,83
144,144
98,98
86,86
56,56
35,35
78,81
94,95
155,156
14,14
12,12
2,2
75,75
139,139
142,144
95,95
133,133
22,44
191,191
122,122
96,96
183,183
149,197
56,56
24,24
11,11
147,15
101,101
150,75
37,37
150,150
148,148
167,167
160,151
13,13
91,104
150,150
95,95
17,17
171,155
30,30
183,183
79,79
154,154
34,34
93,77
136,135
195,192
37,37
19,166
16,16
157,196
107,28
113,113
30,30
154,73
141,141
68,67
40,47
190,190
127,128
16,16
131,131
133,133
139,139
40,111
116,116
64,64
79,78
142,143
136,136
143,140
16,16
144,143
175,160
180,178
110,137
51,51
20,20
113,110
184,184
185,185
4,4
105,105
71,141
61,44
93,110
137,137
185,185
12,12
24,24
24,24
97,97
192,197
61,64
34,34
133,133
96,96
161,153
34,34
106,28
99,99
85,85
12,12
46,46
126,126
61,65
147,147
95,95
59,59
103,116
165,165
148,148
193,193
43,71
44,44
88,89
53,106
74,74
83,44
92,92
161,167
194,194
143,143
149,149
132,131
60,60
3,3
95,95
104,91
129,129
37,37
78,78
192,192
189,189
106,106
72,72
107,107
183,183
106,107
3,3
137,137
44,63
180,178
25,8
177,154
135,20
50,50
43,43
109,109
154,153
175,167
11,11
2,2
62,62
95,95
24,22
64,64
138,139
106,28
48,133
168,168
102,102
14,14
192,192
177,177
191,191
173,173
47,129
25,25
167,167
4,4
24,24
35,35
77,30
20,20
186,186
30,39
165,165
49,49
53,13
140,140
121,121
198,198
128,128
35,35
43,43
12,12
94,94
113,113
134,45
189,189
199,199
171,172
33,33
142,142
83,83
85,51
135,135
132,101
183,182
181,181
37,42
185,185
101,101
128,115
70,142
34,34
194,194
27,27
130,130
176,176
154,154
2,2
41,41
72,72
113,113
63,44
57,57
59,59
148,127
111,111
16,16
81,12
1,1
197,197
92,92
57,57
162,162
46,46
47,47
81,81
173,173
197,197
22,24
19,199
67,67
141,77
191,191
169,169
76,76
166,166
82,82
45,45
21,21
185,185
13,13
76,76
177,177
196,192
191,191
44,44
142,142
90,90
37,37
127,127
132,129
3,8
192,192
101,101
198,198
64,65
182,183
73,73
166,166
154,153
70,70
48,29
1,1
118,128
42,42
34,34
133,133
191,191
55,55
174,174
60,60
182,182
116,124
38,38
52,52
169,169
158,158
46,46
89,89
77,77
115,130
184,184
195,198
139,139
79,78
61,65
108,20
140,140
120,120
94,95
106,106
154,42
171,196
176,174
38,159
187,187
44,44
71,44
4,7
29,29
94,94
130,130
168,168
87,87
103,103
149,149
122,122
137,110
60,60
117,117
159,159
144,143
198,195
45,45
194,194
74,74
125,34
100,100
17,17
117,38
167,30
114,114
22,22
160,160
48,106
44,44
188,188
68,68
123,122
138,138
126,126
136,55
86,86
145,144
86,86
192,197
97,97
97,97
164,164
87,87
15,15
170,170
40,40
175,46
151,151
19,19
174,174
92,92
153,75
52,52
29,29
170,170
6,6
94,162
151,151
143,143
187,187
57,57
75,75
84,84
124,124
165,152
41,41
44,44
197,197
39,39
131,131
70,91
24,24
66,66
13,13
87,87
90,77
38,38
107,107
187,187
25,25
181,179
42,98
54,54
162,162
27,27
50,50
190,190
50,49
161,171
76,76
65,63
101,134
198,33
162,97
92,92
61,58
45,45
129,129
56,56
21,21
69,67
6,6
0,1
43,43
162,162
8,8
154,102
56,56
179,179
172,172
141,144
115,115
4,4
107,107
177,155
24,22
131,131
48,185
79,79
48,73
122,120
156,42
40,40
97,157
39,101
91,91
198,198
90,197
167,167
8,8
191,191
20,20
107,107
18,18
93,93
120,116
185,185
23,23
157,157
45,45
142,142
0,2
70,71
34,34
184,184
192,192
24,24
165,165
170,163
190,190
43,43
116,116
176,176
26,106
182,183
44,62
108,95
192,101
66,67
174,160
160,160
50,50
20,20
102,102
52,52
133,133
79,79
176,176
160,160
150,150
21,21
131,131
83,83
120,118
191,80
165,165
129,131
150,137
158,158
135,135
77,102
97,95
120,116
135,135
10,10
87,101
80,80
76,40
63,63
122,124
130,126
106,106
41,41
143,143
172,172
61,61
133,133
39,39
61,64
21,21
126,126
66,66
76,76
168,178
100,100
174,166
46,46
196,192
156,46
158,158
53,53
195,192
40,40
170,173
141,141
140,140
108,97
167,167
163,163
42,42
137,137
13,13
61,58
8,29
62,62
152,152
111,111
111,110
73,73
52,52
8,133
159,159
71,71
114,124
72,72
15,15
94,94
168,168
111,110
97,102
41,41
95,160
36,38
76,76
53,53
198,198
3,3
10,113
118,115
100,100
73,73
169,169
181,181
0,0
105,105
109,109
158,158
40,77
37,37
105,105
109,109
168,174
0,0
163,163
95,95
165,165
84,84
181,181
166,166
192,192
145,144
143,142
7,7
2,2
54,54
45,45
66,68
84,84
140,143
2,1
132,132
113,113
47,47
108,108
175,174
89,89
199,40
101,36
35,35
38,38
187,187
175,166
117,132
22,22
88,45
92,92
196,196
108,108
116,115
10,48
68,68
182,182
134,134
24,89
137,159
108,108
161,167
28,28
28,106
69,69
131,40
132,132
150,137
100,100
191,191
116,116
169,169
124,124
81,81
72,72
158,158
80,80
129,129
194,194
151,170
71,2
32,32
161,167
190,190
13,133
23,23
62,62
75,75
133,133
40,40
180,180
186,186
163,137
6,6
66,66
7,7
53,53
101,101
194,96
56,56
64,64
187,187
87,87
159,159
122,126
128,124
101,134
1,44
187,187
187,187
11,11
136,41
88,88
35,35
22,22
139,139
13,13
122,193
47,47
49,49
172,178
77,77
129,110
12,12
129,103
93,93
147,147
178,192
196,195
128,128
101,39
75,75
70,193
108,108
121,121
126,124
8,8
141,141
51,51
8,8
141,141
80,80
20,20
79,79
157,157
56,56
132,132
11,78
114,151
116,116
163,163
198,198
62,62
70,51
155,155
8,8
76,76
76,76
31,31
62,73
42,38
105,105
89,57
46,46
195,195
67,67
55,55
59,59
149,149
51,51
168,168
193,193
159,159
110,110
186,186
9,9
70,29
95,95
115,129
22,107
73,73
51,51
159,159
119,116
10,48
92,92
98,98
8,29
171,171
21,91
24,24
165,165
130,130
164,164
36,36
55,55
24,86
100,100
169,96
103,114
179,174
199,199
128,130
181,181
94,94
95,95
70,146
93,93
77,77
149,149
19,156
53,53
151,151
4,4
62,62
165,165
146,146
85,85
154,38
71,71
51,51
23,7
149,149
77,77
12,12
99,99
183,183
88,45
28,28
13,53
106,106
0,0
73,73
172,172
66,67
124,124
36,101
143,143
25,25
191,191
87,87
83,83
30,32
82,82
160,160
99,100
16,139
112,130
72,72
3,3
32,153
49,49
169,169
99,99
126,126
122,112
199,199
60,60
9,9
91,91
56,56
62,146
92,92
189,191
147,147
63,63
96,135
37,37
172,174
15,15
22,23
120,197
188,188
178,152
113,113
14,14
173,173
89,89
150,150
90,72
87,87
39,38
135,134
126,126
7,7
45,45
157,157
58,65
117,101
87,87
20,20
110,110
183,183
56,56
19,19
29,9
5,57
184,184
77,39
130,126
53,13
114,129
2,1
125,125
53,13
148,148
91,91
109,109
185,185
123,123
142,142
129,118
46,46
130,126
134,75
126,126
151,151
71,71
172,172
21,104
79,79
134,134
99,99
121,121
159,159
81,81
179,179
62,62
41,41
169,169
148,148
119,118
87,87
6,6
73,73
185,185
53,53
164,164
102,102
53,25
100,100
66,66
78,78
118,118
121,121
157,157
23,78
44,44
185,185
104,104
169,167
190,190
164,164
84,84
144,144
40,40
27,27
143,144
8,8
130,130
195,197
52,52
162,173
18,18
43,43
129,129
187,187
129,117
138,138
1,1
82,82
157,157
52,52
74,74
198,198
118,173
56,56
68,67
101,39
119,119
40,40
155,155
157,157
29,29
42,42
78,78
21,21
143,143
59,65
33,115
1,1
18,18
5,5
191,191
123,125
192,40
19,199
28,106
183,183
63,143
148,124
33,33
95,95
133,133
133,25
72,72
18,192
110,110
151,151
103,77
45,45
108,169
111,184
197,197
168,168
127,127
18,18
195,192
148,148
181,181
141,141
96,96
34,34
102,102
71,71
147,147
104,104
131,131
51,51
43,22
30,32
98,124
40,40
166,166
166,95
8,25
93,93
77,77
151,151
168,171
14,14
160,176
81,81
89,89
150,150
37,37
59,61
199,199
135,29
36,42
101,38
125,126
154,18
76,76
54,54
123,120
161,161
78,78
152,152
140,140
144,142
179,179
158,158
32,32
197,197
35,35
163,163
164,164
171,172
51,49
1,1
134,134
147,147
50,50
33,33
127,197
12,12
46,46
197,197
127,127
75,75
29,8
88,88
101,38
153,153
25,25
20,20
181,181
131,131
195,195
93,93
44,44
24,24
185,185
27,27
0,1
93,93
89,89
131,131
114,118
3,3
24,24
128,128
165,165
126,130
46,46
94,95
45,45
59,59
149,149
163,163
180,177
75,75
55,55
63,63
103,103
61,65
153,37
163,163
10,8
89,89
39,39
86,86
135,135
159,159
167,167
60,60
183,183
147,132
183,182
50,50
153,178
90,77
88,88
68,67
151,171
13,13
47,47
175,174
6,6
23,23
20,108
112,112
41,41
40,40
90,90
9,9
84,84
100,100
56,56
0,0
114,115
9,9
80,80
93,18
95,46
55,55
28,106
132,38
46,46
70,146
115,146
96,176
156,156
119,119
33,33
124,124
41,41
171,171
153,153
174,174
133,133
90,92
102,102
178,178
37,76
151,150
55,55
130,126
55,55
67,66
24,24
123,55
118,33
190,188
84,84
136,136
185,185
71,45
196,196
86,86
29,29
93,72
147,147
31,31
119,119
117,129
141,141
59,59
14,14
62,62
77,77
136,136
160,160
61,58
154,101
6,6
134,101
179,179
162,170
124,124
58,58
181,181
90,77
36,39
179,179
190,190
117,129
12,121
131,131
89,89
96,96
195,195
105,105
24,22
92,92
103,149
24,24
3,3
103,126
161,161
187,187
34,34
29,29
99,99
12,12
71,71
55,55
28,29
65,58
134,134
9,9
169,169
123,123
166,199
59,58
10,10
10,25
86,86
46,46
58,63
99,100
38,118
29,29
81,81
22,22
2,2
126,115
69,69
105,105
45,45
58,58
123,120
132,132
39,39
179,179
164,164
46,46
118,124
99,99
104,104
54,54
61,59
43,43
144,143
94,108
26,26
71,71
6,6
79,80
146,146
18,18
62,62
170,159
195,192
16,16
190,190
59,59
197,38
92,92
193,193
102,102
170,170
6,6
5,5
185,185
99,99
64,44
98,103
128,128
190,190
140,140
14,14
39,39
140,143
151,92
198,198
183,183
94,95
125,125
20,20
117,121
176,176
9,12
176,176
174,174
91,91
193,193
77,77
137,137
101,101
188,188
195,101
86,45
187,187
50,51
167,167
81,81
27,27
15,15
10,3
108,108
125,125
183,183
0,0
3,29
99,99
127,127
157,164
49,49
177,177
92,111
12,12
96,95
153,153
115,129
150,150
155,172
185,185
142,142
180,180
110,111
67,68
15,96
102,101
132,115
153,178
136,187
178,178
70,44
156,167
103,197
7,7
14,157
144,144
18,18
27,27
48,8
121,20
139,139
65,65
66,67
30,30
134,141
9,9
134,134
167,167
44,71
28,28
124,128
112,112
154,154
1,1
154,38
129,129
4,4
27,27
199,199
181,174
93,93
74,74
191,191
76,39
19,167
179,179
73,73
65,65
136,134
138,138
164,164
107,107
78,170
46,46
138,138
186,186
171,157
39,136
192,129
111,111
132,131
137,101
149,149
95,95
131,131
27,27
78,78
94,95
183,183
188,188
162,162
20,108
157,157
130,130
180,183
138,41
123,118
97,97
101,38
44,2
191,191
149,149
69,69
10,8
152,152
189,189
109,109
120,126
121,115
8,26
63,63
159,159
84,113
67,67
180,180
186,8
154,75
178,178
82,82
42,42
16,16
183,183
163,163
195,38
72,72
144,142
105,105
118,34
36,153
132,132
124,128
77,77
72,72
167,167
115,115
124,124
16,16
10,10
15,171
99,99
124,124
83,83
43,43
74,74
122,128
86,129
49,49
183,183
43,64
74,74
79,81
93,93
169,169
155,155
101,38
67,67
123,124
37,37
41,41
11,11
119,37
72,72
48,101
161,167
56,56
87,87
32,32
4,4
184,184
13,13
80,80
148,148
140,140
161,161
176,176
22,22
154,38
96,96
81,77
50,50
119,119
138,138
82,82
92,92
167,167
13,13
116,116
67,67
57,57
49,49
195,195
12,12
112,123
34,34
111,111
87,87
54,54
154,154
75,75
179,179
53,73
169,173
157,157
171,156
96,96
82,82
73,73
44,44
65,65
112,112
144,146
107,107
55,55
40,40
182,182
190,190
66,66
26,26
50,50
21,104
35,35
131,131
195,197
121,121
101,101
53,13
192,192
94,95
47,47
34,34
16,16
82,82
88,88
87,87
119,119
117,129
22,22
31,31
155,38
1,1
11,165
56,56
145,143
96,96
188,188
88,88
173,173
12,12
132,131
99,99
158,158
57,57
63,63
147,147
32,32
133,133
89,89
102,102
47,47
130,130
117,118
196,196
13,13
120,130
90,77
5,5
56,56
86,86
153,153
193,193
111,111
20,96
120,130
54,54
160,157
62,62
46,46
1,1
124,124
38,38
188,188
130,130
144,144
64,64
175,167
90,8
4,4
132,132
127,149
169,171
117,114
83,83
23,23
141,141
139,139
33,33
174,174
118,118
54,46
19,19
19,88
177,195
91,91
179,179
72,72
47,47
58,63
163,159
35,34
52,52
57,57
119,25
60,58
131,107
117,115
42,38
18,38
152,173
158,158
147,147
43,43
48,106
134,134
71,71
50,49
27,27
172,172
139,139
56,56
132,132
68,68
81,81
40,40
76,76
143,140
63,63
118,126
140,145
69,69
103,103
178,171
137,137
197,197
109,109
51,51
149,149
97,97
145,144
91,91
143,143
71,71
147,147
122,116
69,69
51,51
74,74
79,80
137,137
93,93
98,98
157,157
167,167
103,103
185,47
43,43
63,58
111,110
199,199
169,169
87,87
196,38
189,189
199,199
166,166
170,170
155,155
160,174
9,9
58,65
86,86
34,34
69,69
50,50
191,191
30,32
9,9
31,31
55,55
183,182
151,150
56,56
42,42
89,89
13,13
35,35
33,33
156,174
191,191
76,40
168,168
25,25
137,77
155,155
194,102
37,37
79,77
135,40
120,115
55,55
175,181
71,70
54,170
170,168
136,136
145,145
40,76
51,45
59,58
122,112
0,0
164,164
22,22
70,70
122,114
50,50
78,24
176,176
65,58
178,178
93,93
124,128
33,33
169,169
172,76
44,44
144,144
25,25
12,10
174,174
38,173
44,44
197,197
127,128
45,45
55,55
42,38
184,184
76,76
152,152
139,139
53,53
189,189
151,151
57,57
140,142
82,82
119,119
155,155
14,14
30,30
134,134
120,120
199,199
127,127
51,51
66,66
121,121
147,147
92,92
177,38
135,135
88,88
2,2
84,84
79,78
125,125
105,105
121,121
88,88
161,167
120,120
14,14
111,111
57,24
35,35
118,118
11,11
176,176
174,174
155,77
196,196
90,10
139,41
125,130
35,35
71,29
68,69
40,40
172,178
101,15
151,151
34,34
122,116
148,98
173,173
124,124
111,111
56,56
57,57
107,107
184,47
43,43
190,190
166,166
81,68
168,168
101,38
195,195
108,108
43,43
121,118
113,113
45,45
64,64
19,19
106,106
47,47
121,75
88,88
182,103
190,190
144,144
193,193
172,172
20,20
40,146
37,101
59,59
53,53
138,138
196,196
49,49
80,78
152,172
84,84
38,38
14,14
49,49
195,195
117,121
137,137
121,121
140,145
88,85
50,50
101,75
3,3
52,52
195,194
185,185
31,151
133,133
79,79
128,128
9,9
166,166
127,124
76,76
61,64
101,38
20,159
148,148
95,95
176,176
57,85
138,138
126,126
19,19
25,25
138,139
180,180
140,140
74,74
139,138
177,177
3,3
123,120
88,88
153,153
58,63
97,97
45,45
76,76
48,8
26,29
111,111
110,110
76,76
39,37
13,13
126,126
153,153
145,143
137,137
186,186
145,146
106,29
153,38
30,32
69,69
120,130
8,48
72,72
175,175
171,171
183,183
123,124
101,101
128,130
78,81
165,165
161,161
76,76
149,126
185,185
32,146
26,106
123,125
32,32
80,80
57,57
26,8
47,47
86,45
76,76
177,153
136,136
39,102
25,25
121,121
177,197
2,2
150,150
61,64
156,156
48,8
173,173
150,150
130,130
46,46
67,66
78,78
54,54
144,143
132,131
11,11
65,64
159,159
2,2
7,7
178,38
170,170
110,137
89,89
13,13
23,23
1,1
74,74
39,39
194,194
106,106
88,88
109,109
196,196
79,79
19,173
134,101
72,72
59,59
109,109
184,184
140,144
182,182
73,73
69,69
188,188
146,146
92,92
33,55
171,171
187,187
52,52
12,12
106,106
14,14
110,77
63,63
35,35
130,126
128,116
129,38
162,42
130,130
13,13
26,29
123,123
37,37
98,98
192,192
107,106
127,128
128,124
72,72
3,3
65,65
143,143
78,78
35,35
97,97
83,83
93,93
89,89
192,192
152,167
138,96
13,13
28,8
61,146
38,101
90,170
199,96
8,29
191,191
108,108
2,2
151,151
133,28
177,177
115,115
190,190
118,118
45,45
95,15
174,174
114,116
162,42
88,88
105,22
165,155
48,48
111,73
28,29
16,16
148,148
162,170
38,178
169,169
26,8
178,179
81,79
123,128
102,102
26,25
34,34
40,77
58,64
43,43
135,135
145,143
92,92
146,146
0,1
184,184
72,72
67,67
65,61
146,146
41,41
147,197
58,58
102,102
65,65
168,168
137,137
129,132
197,197
169,169
54,54
166,166
74,74
144,142
31,31
3,3
116,116
56,56
179,179
167,167
86,86
43,43
75,75
70,71
138,138
52,52
105,105
194,192
159,159
161,167
75,75
122,122
144,142
133,133
1,1
39,39
60,60
126,126
166,167
52,52
115,158
45,45
4,49
136,136
25,25
22,22
129,129
113,77
75,75
177,177
190,34
82,82
188,188
18,18
113,113
0,70
173,173
77,90
58,58
163,163
173,173
18,18
84,84
142,142
146,146
111,110
183,182
190,190
151,151
142,142
180,147
125,118
29,29
57,57
30,30
37,37
189,27
81,81
152,152
95,95
65,58
65,65
107,107
172,171
43,43
170,170
183,177
179,179
158,158
157,157
143,140
41,41
78,78
148,193
51,49
103,116
9,96
26,10
182,182
119,119
106,106
162,162
173,173
110,77
184,184
76,76
135,135
15,15
22,7
21,91
7,7
133,133
171,171
120,120
95,95
173,173
124,124
169,171
113,113
166,46
67,77
116,118
106,106
30,14
54,54
0,0
9,9
85,85
187,187
29,28
80,80
52,52
91,91
35,35
109,109
135,136
172,101
193,193
171,171
79,20
106,28
71,71
48,48
114,126
136,141
68,68
21,91
25,25
192,192
174,174
80,80
53,53
60,65
103,130
52,52
159,159
76,76
13,13
154,154
108,108
191,191
137,137
95,95
32,38
175,175
97,97
64,64
3,3
170,170
128,126
143,143
195,75
136,136
99,99
161,167
192,154
24,22
31,31
154,151
27,27
20,75
107,107
176,176
142,143
183,183
168,168
39,39
152,76
183,183
103,103
82,82
96,20
123,120
127,127
27,27
3,3
110,110
172,172
187,187
135,137
38,101
181,181
181,174
153,178
169,169
114,38
70,71
113,113
97,97
125,118
164,164
192,192
193,21
81,81
23,23
197,197
40,77
34,34
0,0
127,127
198,197
158,158
9,9
63,59
194,192
106,29
29,107
54,54
127,127
25,28
82,82
187,187
16,16
152,152
186,186
80,80
85,85
47,47
106,107
194,197
199,199
155,155
49,49
10,45
23,23
159,159
190,190
173,173
39,73
42,46
118,118
78,78
35,35
156,156
24,24
26,25
2,2
156,156
85,85
126,112
60,60
188,188
94,174
37,37
68,68
157,157
160,46
115,14
75,75
135,135
157,157
93,93
86,86
3,3
93,93
127,127
19,167
111,111
128,126
132,131
127,128
173,173
24,107
142,142
185,185
174,174
183,183
57,57
136,85
132,131
74,74
27,27
170,170
7,7
42,36
80,80
48,8
104,91
42,113
148,148
65,65
94,157
108,108
131,131
111,110
113,113
95,95
49,49
98,98
6,6
44,40
143,143
150,150
152,154
92,92
91,91
18,18
109,109
177,160
66,66
33,33
72,72
179,179
119,128
86,86
80,80
34,34
192,192
133,133
119,114
5,5
84,84
2,2
198,198
193,193
80,80
32,32
7,7
156,156
29,28
73,73
110,110
148,148
112,112
110,110
14,53
164,164
